id_canal,numero_interno,nombre_canal,tipo,categoria,total_mensajes,analizado,progreso
1216573417692856400,1,ğŸ‘‹Â¡ğ™ğ™–ğ™¡ğ™ªğ™™ğ™¤ğ™¨-ğ™«ğ™ğ™–ğ™Ÿğ™šğ™§ğ™¤,texto,InformaciÃ³n,0,False,0.0
1206991877090443315,2,ğŸ“ƒğ™‰ğ™¤ğ™§ğ™¢ğ™–ğ™¨-ğ™‚ğ™šğ™£ğ™šğ™§ğ™–ğ™¡ğ™šğ™¨,texto,InformaciÃ³n,1,False,0.0
1318434272733822978,3,ğŸ“£ğ˜¼ğ™‰ğ™ğ™‰ğ˜¾ğ™„ğ™Šğ™,texto,InformaciÃ³n,44,False,0.0
1313319709638131852,4,âœğ˜¼ğ™ªğ™©ğ™¤ğ™§,texto,InformaciÃ³n,34,False,0.0
1216583829226262528,5,ğŸ™Œğ˜¼ğ™ªğ™©ğ™¤ğ™§ğ™¤ğ™¡ğ™šğ™¨,texto,InformaciÃ³n,0,False,0.0
1206991877753020436,6,ğŸ—£ğ™‚ğ™šğ™£ğ™šğ™§ğ™–ğ™¡,texto,Canales de texto,896,False,0.0
1318625936694054962,7,ğŸ¤¡ğ™ˆğ™šğ™¢ğ™šğ™¨,texto,Canales de texto,752,False,0.0
1318626660165091328,8,ğŸ¨ğ˜¼ğ™§ğ™©ğ™š,texto,Canales de texto,164,False,0.0
1318627230435512360,9,ğŸ¤–ğ™„ğ˜¼-ğ˜¼ğ™§ğ™©ğ™š,texto,Canales de texto,384,False,0.0
1324470954935451739,10,ğ‘©ğ’–ğ’”ğ’„ğ’‚ğ’“-ğ’“ğ’ğ’,texto,Canales de texto,613,False,0.0
1331046492743532646,11,nsfw,texto,Canales de texto,364,False,0.0
1261399098947272734,12,canciones,texto,Canales de voz,7,False,0.0
1318400498583339091,13,ğŸ“Œğ—§ğ—¶ğ—°ğ—¸ğ—²ğ˜,texto,ğŸ“Œ|ğ—§ğ—¶ğ—°ğ—¸ğ—²ğ˜,1,False,0.0
1326391517744595045,14,ğŸ‘‚-ğ‘ºğ’–ğ’ˆğ’†ğ’“ğ’†ğ’ğ’„ğ’Šğ’‚ğ’”,texto,ğŸ“Œ|ğ—§ğ—¶ğ—°ğ—¸ğ—²ğ˜,70,False,0.0
1287269580305207296,15,ğ™„ğ™£ğ™›ğ™¤ğ™§ğ™¢ğ™–ğ™˜ğ™ğ™¤ğ™£-ğ™ğ™£ğ™ğ™©ğ™®,texto,InformaciÃ³n Rol Unity,5,False,0.0
1287268696175280158,16,ğ™ƒğ™ğ™¨ğ™©ğ™¤ğ™§ğ™ğ™–-ğ™ğ™£ğ™ğ™©ğ™®,texto,InformaciÃ³n Rol Unity,6,False,0.0
1318797288293924915,17,ğŸ“–ğ‘µğ’ğ’“ğ’ğ’‚ğ’”-ğ‘¹ğ’ğ’,texto,InformaciÃ³n Rol Unity,2,False,0.0
1318797883474055190,18,ğŸ”-ğ‘®ğ’–ğ’Šğ’‚-ğ‘¹ğ’ğ’,texto,InformaciÃ³n Rol Unity,3,False,0.0
1318798253134970931,19,ğŸ²ğ‘ºğ’Šğ’”ğ’•ğ’†ğ’ğ’‚-ğ’…ğ’†-ğ‘«ğ’‚ğ’…ğ’ğ’”,texto,InformaciÃ³n Rol Unity,15,False,0.0
1326399546737299497,20,ğŸ¦„ğ‘´ğ’ğ’ğ’”ğ’•ğ’“ğ’–ğ’ğ’”-ğ’š-ğ‘ªğ’“ğ’Šğ’‚ğ’•ğ’–ğ’“ğ’‚ğ’”,texto,InformaciÃ³n Rol Unity,84,False,0.0
1340764550554980382,21,âœ¡ğ‘¹ğ’–ğ’ğ’‚ğ’”-ğ’€-ğ‘¶ğ’•ğ’“ğ’‚ğ’”-ğ’„ğ’ğ’”ğ’‚ğ’”,texto,InformaciÃ³n Rol Unity,10,False,0.0
1323002258148823132,22,ğŸ„âš—ğ‘¶ğ’ƒğ’‹ğ’†ğ’•ğ’ğ’”,texto,InformaciÃ³n Rol Unity,7,False,0.0
1318798674540756992,23,ğŸ‘£ğŸ’°-ğ‘¬ğ’„ğ’ğ’ğ’ğ’ğ’Šğ’‚-ğ’š-ğ‘«ğ’†ğ’”ğ’‘ğ’ğ’‚ğ’›ğ’‚ğ’ğ’Šğ’†ğ’ğ’•ğ’,texto,InformaciÃ³n Rol Unity,2,False,0.0
1318799618904952873,24,ğŸŒğ‘´ğ’‚ğ’‘ğ’‚-ğ‘¼ğ’ğ’Šğ’•ğ’š,texto,InformaciÃ³n Rol Unity,2,False,0.0
1326060440396103730,25,ğ™ğ™ğ™šğ™¢ğ™¥ğ™¤-ğ™®-ğ˜¾ğ™¡ğ™ğ™¢ğ™–,texto,InformaciÃ³n Rol Unity,184,False,0.0
1333534754200490126,26,ğŸŒğ‘¼ğ’ğ’Šğ’•ğ’š-ğ‘µğ’†ğ’˜ğ’”,texto,ğŸŒ ï¼­á‘Œï¼®á—ªï¼¯ ï¼µá‘ï¼©ä¸…ï¼¹,4,False,0.0
1212604957841424414,27,ğ˜¼ğ™§ğ™šğ™£ğ™–-ğ˜¼ğ™§ğ™˜ğ™–ğ™£ğ™–-ğŸœğŸœ,texto,ğŸŒ ï¼­á‘Œï¼®á—ªï¼¯ ï¼µá‘ï¼©ä¸…ï¼¹,34,False,0.0
1213929968636264449,28,ğ™ğ™ªğ™ğ™£ğ™–ğ™¨-ğ™ğ™¤ğ™˜ğ™¤ğ™¨ğ™–ğ™¨ğŸŒ„ğŸŒ„,texto,ğŸŒ ï¼­á‘Œï¼®á—ªï¼¯ ï¼µá‘ï¼©ä¸…ï¼¹,167,False,0.0
1213931961677258902,29,ğ™•ğ™¤ğ™£ğ™–-ğ˜¾ğ™šğ™§ğ™¤-â˜¢â˜¢,texto,ğŸŒ ï¼­á‘Œï¼®á—ªï¼¯ ï¼µá‘ï¼©ä¸…ï¼¹,20,False,0.0
1213939266233835620,30,ğ˜½ğ™¤ğ™¨ğ™¦ğ™ªğ™š-ğ™Šğ™¡ğ™«ğ™ğ™™ğ™¤ğŸ‘¥ğŸ‘¥,texto,ğŸŒ ï¼­á‘Œï¼®á—ªï¼¯ ï¼µá‘ï¼©ä¸…ï¼¹,172,False,0.0
1342641531089326201,31,ğ‘ªğ’ğ’ğ’Šğ’•ğ’†-ğ‘°ğ’ğ’•ğ’†ğ’“ğ’ğ’‚ğ’„ğ’Šğ’ğ’ğ’‚ğ’-ğ’…ğ’†-ğ‘¼ğ’ğ’Šğ’•ğ’š,texto,ğŸŒ ï¼­á‘Œï¼®á—ªï¼¯ ï¼µá‘ï¼©ä¸…ï¼¹,88,False,0.0
1339225905439965214,32,templo-de-atenea-ruinas,texto,ğŸŒ ï¼­á‘Œï¼®á—ªï¼¯ ï¼µá‘ï¼©ä¸…ï¼¹,102,False,0.0
1347450586223870042,33,cuarto-de-gilgamesh,texto,ğ•€ğ•„â„™ğ”¼â„ğ•€ğ•† ğ•Šğ”¸â„ğ”¼ğ•ƒ  ğŸœ,17,False,0.0
1355761103921221783,34,mares-de-babilonia,texto,ğ•€ğ•„â„™ğ”¼â„ğ•€ğ•† ğ•Šğ”¸â„ğ”¼ğ•ƒ  ğŸœ,59,False,0.0
1333652887292612608,35,ğ‘»ğ’‚ğ’ƒğ’ğ’ğ’-ğ‘¯ğ’–ğ’ğ’‚ğ’ğ’ğ’”,texto,ğ™ğ™šğ™§ğ™§ğ™ğ™©ğ™¤ğ™§ğ™ğ™¤ ğ™ƒğ™ªğ™¢ğ™–ğ™£ğ™¤ ğŸ™ğŸ™,10,False,0.0
1215506081183432734,36,ğ™„ğ™£ğ™›ğ™¤ğ™§ğ™¢ğ™–ğ™˜ğ™Ã³ğ™£-ğ™ƒğ™ªğ™¢ğ™–ğ™£ğ™¤ğ™¨,texto,ğ™ğ™šğ™§ğ™§ğ™ğ™©ğ™¤ğ™§ğ™ğ™¤ ğ™ƒğ™ªğ™¢ğ™–ğ™£ğ™¤ ğŸ™ğŸ™,3,False,0.0
1370997615583297627,37,ğ—•ğ—”ğ—¥ğ—¥ğ—œğ—¢ğ—¦-ğ—•ğ—”ğ—ğ—¢ğ—¦,texto,ğ™ğ™šğ™§ğ™§ğ™ğ™©ğ™¤ğ™§ğ™ğ™¤ ğ™ƒğ™ªğ™¢ğ™–ğ™£ğ™¤ ğŸ™ğŸ™,6,False,0.0
1344867692858966037,38,almacen-de-hendricson,texto,ğ™ğ™šğ™§ğ™§ğ™ğ™©ğ™¤ğ™§ğ™ğ™¤ ğ™ƒğ™ªğ™¢ğ™–ğ™£ğ™¤ ğŸ™ğŸ™,183,False,0.0
1320128690637766778,39,ğ‘©ğ’Šğ’ƒğ’ğ’Šğ’ğ’•ğ’†ğ’„ğ’‚-ğ’‰ğ’–ğ’ğ’‚ğ’ğ’‚,texto,ğ™ğ™šğ™§ğ™§ğ™ğ™©ğ™¤ğ™§ğ™ğ™¤ ğ™ƒğ™ªğ™¢ğ™–ğ™£ğ™¤ ğŸ™ğŸ™,193,False,0.0
1209718425300238436,40,ğ™‹ğ™ªğ™šğ™§ğ™©ğ™¤-ğ™ƒğ™ªğ™¢ğ™–ğ™£ğ™¤â›µğŸš¢âš“,texto,ğ™ğ™šğ™§ğ™§ğ™ğ™©ğ™¤ğ™§ğ™ğ™¤ ğ™ƒğ™ªğ™¢ğ™–ğ™£ğ™¤ ğŸ™ğŸ™,181,False,0.0
1345587717995757609,41,zona-costera-rocosa-y-acantilados,texto,ğ™ğ™šğ™§ğ™§ğ™ğ™©ğ™¤ğ™§ğ™ğ™¤ ğ™ƒğ™ªğ™¢ğ™–ğ™£ğ™¤ ğŸ™ğŸ™,34,False,0.0
1209719048313634846,42,ğ™‹ğ™ªğ™šğ™—ğ™¡ğ™¤-ğ™‡ğ™–-ğ˜¾ğ™¤ğ™¢ğ™–ğ™§ğ™˜ğ™–ğŸ¡,texto,ğ™ğ™šğ™§ğ™§ğ™ğ™©ğ™¤ğ™§ğ™ğ™¤ ğ™ƒğ™ªğ™¢ğ™–ğ™£ğ™¤ ğŸ™ğŸ™,124,False,0.0
1324934115899740244,43,casa-yagami,texto,ğ™ğ™šğ™§ğ™§ğ™ğ™©ğ™¤ğ™§ğ™ğ™¤ ğ™ƒğ™ªğ™¢ğ™–ğ™£ğ™¤ ğŸ™ğŸ™,103,False,0.0
1336923451411267666,44,floreria-nomi,texto,ğ™ğ™šğ™§ğ™§ğ™ğ™©ğ™¤ğ™§ğ™ğ™¤ ğ™ƒğ™ªğ™¢ğ™–ğ™£ğ™¤ ğŸ™ğŸ™,53,False,0.0
1328539144938324029,45,ğ‘©ğ’ğ’”ğ’’ğ’–ğ’†-ğ‘³ğ’‚-ğ‘ªğ’ğ’ğ’‚ğ’“ğ’„ğ’‚,texto,ğ™ğ™šğ™§ğ™§ğ™ğ™©ğ™¤ğ™§ğ™ğ™¤ ğ™ƒğ™ªğ™¢ğ™–ğ™£ğ™¤ ğŸ™ğŸ™,198,False,0.0
1329647273034121216,46,ğ‘©ğ’‚ğ’“-ğ’ğ’‚-ğ‘ªğ’ğ’ğ’‚ğ’“ğ’„ğ’‚,texto,ğ™ğ™šğ™§ğ™§ğ™ğ™©ğ™¤ğ™§ğ™ğ™¤ ğ™ƒğ™ªğ™¢ğ™–ğ™£ğ™¤ ğŸ™ğŸ™,42,False,0.0
1330338169211584553,47,cementerio-recuerdo,texto,ğ™ğ™šğ™§ğ™§ğ™ğ™©ğ™¤ğ™§ğ™ğ™¤ ğ™ƒğ™ªğ™¢ğ™–ğ™£ğ™¤ ğŸ™ğŸ™,82,False,0.0
1209718601586835567,48,ğ™ˆğ™ğ™£ğ™–ğ™¨-ğ™ƒğ™ªğ™¢ğ™–ğ™£ğ™–ğ™¨â›â›°,texto,ğ™ğ™šğ™§ğ™§ğ™ğ™©ğ™¤ğ™§ğ™ğ™¤ ğ™ƒğ™ªğ™¢ğ™–ğ™£ğ™¤ ğŸ™ğŸ™,31,False,0.0
1212603877673664532,49,ğ‘©ğ’ğ’”ğ’’ğ’–ğ’†-ğ‘¶ğ’”ğ’„ğ’–ğ’“ğ’-ğ‘ºğ’†ğ’„ğ’•ğ’ğ’“-ğ‘¨ğŸŒ²ğŸŒ²ğŸ•·ğŸ•·,texto,ğ‘©ğ’ğ’”ğ’’ğ’–ğ’† ğ‘¶ğ’”ğ’„ğ’–ğ’“ğ’,178,False,0.0
1333535043817050213,50,ğ‘©ğ’ğ’”ğ’’ğ’–ğ’†-ğ‘¶ğ’”ğ’„ğ’–ğ’“ğ’-ğ‘ºğ’†ğ’„ğ’•ğ’ğ’“-ğ‘©,texto,ğ‘©ğ’ğ’”ğ’’ğ’–ğ’† ğ‘¶ğ’”ğ’„ğ’–ğ’“ğ’,197,False,0.0
1336064196911038576,51,zona-de-cuevas-a,texto,ğ‘©ğ’ğ’”ğ’’ğ’–ğ’† ğ‘¶ğ’”ğ’„ğ’–ğ’“ğ’,6,False,0.0
1333651603080609903,52,ğ‘»ğ’‚ğ’ƒğ’ğ’ğ’-ğ‘«ğ’“ğ’–ğ’Šğ’…ğ’‚ğ’”,texto,ğ™ğ™šğ™§ğ™§ğ™ğ™©ğ™¤ğ™§ğ™ğ™¤ ğ˜¿ğ™§ğ™ªğ™ğ™™ğ™– ğŸƒğŸƒ,10,False,0.0
1215505960043544606,53,ğ™„ğ™£ğ™›ğ™¤ğ™§ğ™¢ğ™–ğ™˜ğ™Ã³ğ™£-ğ˜¿ğ™§ğ™ªğ™ğ™™ğ™–,texto,ğ™ğ™šğ™§ğ™§ğ™ğ™©ğ™¤ğ™§ğ™ğ™¤ ğ˜¿ğ™§ğ™ªğ™ğ™™ğ™– ğŸƒğŸƒ,8,False,0.0
1371209466355384511,54,â„™ğ•£ğ•šğ•¤ğ•šğ• ğ•Ÿ-ğ”»ğ•£ğ•¦ğ•šğ••ğ•’,texto,ğ™ğ™šğ™§ğ™§ğ™ğ™©ğ™¤ğ™§ğ™ğ™¤ ğ˜¿ğ™§ğ™ªğ™ğ™™ğ™– ğŸƒğŸƒ,22,False,0.0
1370124673894842468,55,ğ“‘ğ“ªğ“»-ğ“›ğ“ª-ğ“¡ğ“ªÃ­ğ”ƒ-ğ“­ğ“®-ğ“¥ğ“²ğ“­,texto,ğ™ğ™šğ™§ğ™§ğ™ğ™©ğ™¤ğ™§ğ™ğ™¤ ğ˜¿ğ™§ğ™ªğ™ğ™™ğ™– ğŸƒğŸƒ,45,False,0.0
1374587007916839002,56,ğ™•ğ™¤ğ™£ğ™–ğ™¨-ğ˜¼ğ™œğ™§ğ™ğ™˜ğ™¤ğ™¡ğ™–ğ™¨-ğ™‚ğ™–ğ™£ğ™–ğ™™ğ™šğ™§ğ™–ğ™¨-ğ˜¿ğ™§ğ™ªğ™ğ™™ğ™–ğ™¨,texto,ğ™ğ™šğ™§ğ™§ğ™ğ™©ğ™¤ğ™§ğ™ğ™¤ ğ˜¿ğ™§ğ™ªğ™ğ™™ğ™– ğŸƒğŸƒ,5,False,0.0
1325678701886832720,57,ğ•³ğ–”ğ–Œğ–†ğ–—-ğ–‰ğ–Š-ğ–‘ğ–†-ğ•®ğ–†ğ–Ÿğ–†ğ–‰ğ–”ğ–—ğ–†,texto,ğ™ğ™šğ™§ğ™§ğ™ğ™©ğ™¤ğ™§ğ™ğ™¤ ğ˜¿ğ™§ğ™ªğ™ğ™™ğ™– ğŸƒğŸƒ,126,False,0.0
1215504468473286717,58,ğ™‹ğ™ªğ™šğ™¨ğ™©ğ™¤-ğ™˜ğ™šğ™£ğ™©ğ™ğ™£ğ™šğ™¡ğ™–-ğŸ•,texto,ğ™ğ™šğ™§ğ™§ğ™ğ™©ğ™¤ğ™§ğ™ğ™¤ ğ˜¿ğ™§ğ™ªğ™ğ™™ğ™– ğŸƒğŸƒ,60,False,0.0
1215504841556627496,59,ğ™‹ğ™ªğ™šğ™§ğ™©ğ™¤-ğ˜¿ğ™§ğ™ªğ™ğ™™ğ™–â›µğŸš¢âš“,texto,ğ™ğ™šğ™§ğ™§ğ™ğ™©ğ™¤ğ™§ğ™ğ™¤ ğ˜¿ğ™§ğ™ªğ™ğ™™ğ™– ğŸƒğŸƒ,170,False,0.0
1215505443577929769,60,ğ˜½ğ™¤ğ™¨ğ™¦ğ™ªğ™š-ğ™ğ™–ğ™£ğ™©ğ™–ğ™¨ğ™ğ™–-ğ™ğ™šğ™˜ğ™©ğ™¤ğ™§-ğ˜¼ğŸŒ³ğŸŒ²,texto,ğ™ğ™šğ™§ğ™§ğ™ğ™©ğ™¤ğ™§ğ™ğ™¤ ğ˜¿ğ™§ğ™ªğ™ğ™™ğ™– ğŸƒğŸƒ,108,False,0.0
1215505496442667038,61,ğ˜½ğ™¤ğ™¨ğ™¦ğ™ªğ™š-ğ™ğ™–ğ™£ğ™©ğ™–ğ™¨ğ™ğ™–-ğ™ğ™šğ™˜ğ™©ğ™¤ğ™§-ğ˜½ğŸŒ³ğŸŒ²,texto,ğ™ğ™šğ™§ğ™§ğ™ğ™©ğ™¤ğ™§ğ™ğ™¤ ğ˜¿ğ™§ğ™ªğ™ğ™™ğ™– ğŸƒğŸƒ,118,False,0.0
1343754349377224745,62,minas-druidas,texto,ğ™ğ™šğ™§ğ™§ğ™ğ™©ğ™¤ğ™§ğ™ğ™¤ ğ˜¿ğ™§ğ™ªğ™ğ™™ğ™– ğŸƒğŸƒ,30,False,0.0
1368020450797555835,63,entrada-fortificada,texto,Woodman Corporation,0,False,0.0
1368020317078949918,64,bosque-de-pinos-sector-a,texto,Woodman Corporation,0,False,0.0
1368020354953379982,65,bosque-de-pinos-sector-b,texto,Woodman Corporation,0,False,0.0
1368020541247852635,66,almacen,texto,Woodman Corporation,0,False,0.0
1333534300666204242,67,ğ‘»ğ’‚ğ’ƒğ’Ã³ğ’-ğ‘©ğ’†ğ’ğ’…ğ’Šğ’•ğ’ğ’”,texto,ğ™ğ™šğ™§ğ™§ğ™ğ™©ğ™¤ğ™§ğ™ğ™¤ ğ˜½ğ™šğ™£ğ™™ğ™ğ™©ğ™¤ğ™¨ ğŸ§™ğŸ¼â™€,0,False,0.0
1273813120166531142,68,ğ™„ğ™£ğ™›ğ™¤ğ™§ğ™¢ğ™–ğ™˜ğ™ğ™¤ğ™£-ğ˜½ğ™šğ™£ğ™™ğ™ğ™©ğ™¤ğ™¨,texto,ğ™ğ™šğ™§ğ™§ğ™ğ™©ğ™¤ğ™§ğ™ğ™¤ ğ˜½ğ™šğ™£ğ™™ğ™ğ™©ğ™¤ğ™¨ ğŸ§™ğŸ¼â™€,0,False,0.0
1342280686010105989,69,catacumbas-antiguas,texto,ğ™ğ™šğ™§ğ™§ğ™ğ™©ğ™¤ğ™§ğ™ğ™¤ ğ˜½ğ™šğ™£ğ™™ğ™ğ™©ğ™¤ğ™¨ ğŸ§™ğŸ¼â™€,91,False,0.0
1273814358014820443,70,ğ™‹ğ™ªğ™šğ™—ğ™¡ğ™¤-ğ™‡ğ™ğ™œğ™ğ™©-ğŸ¡,texto,ğ™ğ™šğ™§ğ™§ğ™ğ™©ğ™¤ğ™§ğ™ğ™¤ ğ˜½ğ™šğ™£ğ™™ğ™ğ™©ğ™¤ğ™¨ ğŸ§™ğŸ¼â™€,149,False,0.0
1329314606262521897,71,bosque-light,texto,ğ™ğ™šğ™§ğ™§ğ™ğ™©ğ™¤ğ™§ğ™ğ™¤ ğ˜½ğ™šğ™£ğ™™ğ™ğ™©ğ™¤ğ™¨ ğŸ§™ğŸ¼â™€,312,False,0.0
1336423603880726558,72,ğ‘·ğ’–ğ’†ğ’“ğ’•ğ’-ğ‘©ğ’†ğ’ğ’…ğ’Šğ’•ğ’,texto,ğ™ğ™šğ™§ğ™§ğ™ğ™©ğ™¤ğ™§ğ™ğ™¤ ğ˜½ğ™šğ™£ğ™™ğ™ğ™©ğ™¤ğ™¨ ğŸ§™ğŸ¼â™€,86,False,0.0
1333650577267228774,73,ğ‘»ğ’‚ğ’ƒğ’ğ’ğ’-ğ‘¬ğ’ğ’‡ğ’ğ’”,texto,ğ™ğ™šğ™§ğ™§ğ™ğ™©ğ™¤ğ™§ğ™ğ™¤ ğ™€ğ™¡ğ™›ğ™¤ ğŸ§ğŸ§,3,False,0.0
1273810565835522088,74,ğ™„ğ™£ğ™›ğ™¤ğ™§ğ™¢ğ™–ğ™˜ğ™ğ™¤ğ™£-ğ™€ğ™¡ğ™›ğ™¤ğ™¨,texto,ğ™ğ™šğ™§ğ™§ğ™ğ™©ğ™¤ğ™§ğ™ğ™¤ ğ™€ğ™¡ğ™›ğ™¤ ğŸ§ğŸ§,2,False,0.0
1273811302149652522,75,ğ˜½ğ™–ğ™¨ğ™š-ğ™‡ğ™šğ™¤ğ™£-ğŸ¦,texto,ğ™ğ™šğ™§ğ™§ğ™ğ™©ğ™¤ğ™§ğ™ğ™¤ ğ™€ğ™¡ğ™›ğ™¤ ğŸ§ğŸ§,142,False,0.0
1273811597281726484,76,ğ˜¼ğ™£ğ™©ğ™ğ™œğ™ªğ™¤-ğ˜¾ğ™¤ğ™£ğ™¨ğ™šğ™Ÿğ™¤-ğŸ®,texto,ğ™ğ™šğ™§ğ™§ğ™ğ™©ğ™¤ğ™§ğ™ğ™¤ ğ™€ğ™¡ğ™›ğ™¤ ğŸ§ğŸ§,47,False,0.0
1273812496465006623,77,ğ™‹ğ™ªğ™šğ™§ğ™©ğ™¤-ğ™€ğ™¡ğ™›ğ™ğ™˜ğ™¤-âš“,texto,ğ™ğ™šğ™§ğ™§ğ™ğ™©ğ™¤ğ™§ğ™ğ™¤ ğ™€ğ™¡ğ™›ğ™¤ ğŸ§ğŸ§,293,False,0.0
1337641296516485200,78,zona-meseta-rocosa-elfico,texto,ğ™ğ™šğ™§ğ™§ğ™ğ™©ğ™¤ğ™§ğ™ğ™¤ ğ™€ğ™¡ğ™›ğ™¤ ğŸ§ğŸ§,36,False,0.0
1357206408956874883,79,ruinas-de-la-aldea-buena,texto,ğ™ğ™šğ™§ğ™§ğ™ğ™©ğ™¤ğ™§ğ™ğ™¤ ğ™€ğ™¡ğ™›ğ™¤ ğŸ§ğŸ§,50,False,0.0
1333651097545343136,80,ğ‘»ğ’‚ğ’ƒğ’ğ’ğ’-ğ‘´ğ’‚ğ’ğ’…ğ’Šğ’•ğ’ğ’”,texto,ğ™ğ™šğ™§ğ™§ğ™ğ™©ğ™¤ğ™§ğ™ğ™¤ ğ™ˆğ™–ğ™¡ğ™™ğ™ğ™©ğ™¤ğ™¨ ğŸ©¸ğŸ©¸,12,False,0.0
1215521861862170635,81,ğ™„ğ™£ğ™›ğ™¤ğ™§ğ™¢ğ™–ğ™˜ğ™ğ™¤ğ™£-ğ™ˆğ™–ğ™¡ğ™™ğ™ğ™©ğ™¤ğ™¨,texto,ğ™ğ™šğ™§ğ™§ğ™ğ™©ğ™¤ğ™§ğ™ğ™¤ ğ™ˆğ™–ğ™¡ğ™™ğ™ğ™©ğ™¤ğ™¨ ğŸ©¸ğŸ©¸,2,False,0.0
1375182340866834585,82,ğ˜¼ğ™¡ğ™™ğ™šğ™–-ğ™ˆğ™–ğ™¡ğ™™ğ™ğ™©ğ™–-ğ˜¿ğ™šğ™¨ğ™©ğ™§ğ™ªğ™ğ™™ğ™–,texto,ğ™ğ™šğ™§ğ™§ğ™ğ™©ğ™¤ğ™§ğ™ğ™¤ ğ™ˆğ™–ğ™¡ğ™™ğ™ğ™©ğ™¤ğ™¨ ğŸ©¸ğŸ©¸,3,False,0.0
1215519175574028318,83,ğ—”ğ˜€ğ—²ğ—»ğ˜ğ—®ğ—ºğ—¶ğ—²ğ—»ğ˜ğ—¼-ğ—•ğ—¹ğ—¼ğ—¼ğ—±,texto,ğ™ğ™šğ™§ğ™§ğ™ğ™©ğ™¤ğ™§ğ™ğ™¤ ğ™ˆğ™–ğ™¡ğ™™ğ™ğ™©ğ™¤ğ™¨ ğŸ©¸ğŸ©¸,95,False,0.0
1215519773526462475,84,ğ—£ğ—¨ğ—˜ğ—¥ğ—§ğ—¢-ğ— ğ—”ğ—Ÿğ——ğ—œğ—§ğ—¢ğ—¦,texto,ğ™ğ™šğ™§ğ™§ğ™ğ™©ğ™¤ğ™§ğ™ğ™¤ ğ™ˆğ™–ğ™¡ğ™™ğ™ğ™©ğ™¤ğ™¨ ğŸ©¸ğŸ©¸,125,False,0.0
1215520455071629322,85,ğ——ğ—²ğ˜€ğ˜ğ—¶ğ—²ğ—¿ğ—¿ğ—¼,texto,ğ™ğ™šğ™§ğ™§ğ™ğ™©ğ™¤ğ™§ğ™ğ™¤ ğ™ˆğ™–ğ™¡ğ™™ğ™ğ™©ğ™¤ğ™¨ ğŸ©¸ğŸ©¸,225,False,0.0
1334018885434740756,86,zona-rocosa-destierro,texto,ğ™ğ™šğ™§ğ™§ğ™ğ™©ğ™¤ğ™§ğ™ğ™¤ ğ™ˆğ™–ğ™¡ğ™™ğ™ğ™©ğ™¤ğ™¨ ğŸ©¸ğŸ©¸,87,False,0.0
1343425400881021010,87,mar-arracas-dunaris,texto,ğ‘«ğ’–ğ’ğ’‚ğ’“ğ’Šğ’”- ğ’ğ’ğ’ğ’‚ ğ‘«ğ’†ğ’”ğ’•ğ’†ğ’“ğ’“ğ’‚ğ’…ğ’ğ’”,6,False,0.0
1334600218079002826,88,ğ‘¬ğ’ğ’•ğ’“ğ’‚ğ’…ğ’‚-ğ‘­ğ’–ğ’†ğ’“ğ’•ğ’†-ğ’†ğ’-ğ‘¹ğ’–ğ’Šğ’ğ’‚ğ’”,texto,ğ‘«ğ’–ğ’ğ’‚ğ’“ğ’Šğ’”- ğ’ğ’ğ’ğ’‚ ğ‘«ğ’†ğ’”ğ’•ğ’†ğ’“ğ’“ğ’‚ğ’…ğ’ğ’”,8,False,0.0
1334599801303728278,89,ğ‘·ğ’–ğ’†ğ’“ğ’•ğ’-ğ‘¶ğ’„ğ’–ğ’ğ’•ğ’-ğ‘¨ğ’“ğ’“ğ’‚ğ’„ğ’‚ğ’”,texto,ğ‘«ğ’–ğ’ğ’‚ğ’“ğ’Šğ’”- ğ’ğ’ğ’ğ’‚ ğ‘«ğ’†ğ’”ğ’•ğ’†ğ’“ğ’“ğ’‚ğ’…ğ’ğ’”,21,False,0.0
1334600092405203015,90,ğ‘»ğ’†ğ’ğ’‘ğ’ğ’-ğ‘¨ğ’’ğ’–ğ’‚ğ’“ğ’Šğ’”,texto,ğ‘«ğ’–ğ’ğ’‚ğ’“ğ’Šğ’”- ğ’ğ’ğ’ğ’‚ ğ‘«ğ’†ğ’”ğ’•ğ’†ğ’“ğ’“ğ’‚ğ’…ğ’ğ’”,4,False,0.0
1213933489649623110,91,ğ™‹ğ™ªğ™šğ™§ğ™©ğ™¤,texto,ğ™ğ™¤ğ™§ğ™©ğ™ªğ™œğ™– ğŸ¢ğŸ¢ zona oculta/desuso,29,False,0.0
1213933575326408724,92,ğ™‹ğ™ªğ™šğ™—ğ™¡ğ™¤-ğ˜¾ğ™¤ğ™¨ğ™©ğ™šğ™§ğ™¤-ğ™ğ™¤ğ™§ğ™©ğ™ªğ™œğ™–,texto,ğ™ğ™¤ğ™§ğ™©ğ™ªğ™œğ™– ğŸ¢ğŸ¢ zona oculta/desuso,38,False,0.0
1213933667022274581,93,ğ˜¾ğ™šğ™¢ğ™šğ™£ğ™©ğ™šğ™§ğ™ğ™¤-ğ˜½ğ™–ğ™§ğ™˜ğ™¤ğ™¨,texto,ğ™ğ™¤ğ™§ğ™©ğ™ªğ™œğ™– ğŸ¢ğŸ¢ zona oculta/desuso,84,False,0.0
1332547858108514325,94,ğ‘±ğ’–ğ’ğ’ˆğ’ğ’‚-ğ‘½ğ’Šğ’“ğ’ˆğ’†ğ’,texto,ğ™ğ™¤ğ™§ğ™©ğ™ªğ™œğ™– ğŸ¢ğŸ¢ zona oculta/desuso,33,False,0.0
1332570509568901184,95,despacho-del-capitan,texto,ğ™ğ™¤ğ™§ğ™©ğ™ªğ™œğ™– ğŸ¢ğŸ¢ zona oculta/desuso,76,False,0.0
1336426795167256588,96,mar-coral,texto,ğ™ğ™¤ğ™§ğ™©ğ™ªğ™œğ™– ğŸ¢ğŸ¢ zona oculta/desuso,12,False,0.0
1337645883755462736,97,laboratorio-clandestino,texto,ğ™ğ™¤ğ™§ğ™©ğ™ªğ™œğ™– ğŸ¢ğŸ¢ zona oculta/desuso,21,False,0.0
1295160423649251419,98,ğŸ›ÊŸÉªá´…á´‡Ê€á´‡êœ±-á´„Êœá´€á´›,texto,STAFF,906,False,0.0
1258568558141509704,99,ğŸ’¼êœ±á´›á´€êœ°êœ°-á´„Êœá´€á´›,texto,STAFF,783,False,0.0
1378190197140750346,100,ğŸ”¨ğŸ–Œsoporte-arte,texto,STAFF,13,False,0.0
1344821816509726790,101,almacen-musical,texto,STAFF,52,False,0.0
1377836564700463167,102,observer-intelligence,texto,STAFF,46,False,0.0
1318361584124297227,103,ğŸ“„á´„á´á´á´€É´á´…á´êœ±,texto,STAFF,412,False,0.0
1371334358622797834,104,galeria-de-armas,texto,STAFF,11,False,0.0
1291469760109875210,105,rol-random-xd,texto,STAFF,349,False,0.0
1318366335188729856,106,economia-registro,texto,STAFF,1,False,0.0
1319494325922562178,107,ficha-base,texto,STAFF,23,False,0.0
1330561189654040659,108,rol-esquizofrÃ©nico,texto,STAFF,54,False,0.0
1346279376827846667,109,ğ‘°ğ’…ğ’†ğ’‚ğ’”-ğ’‘ğ’‚ğ’“ğ’‚-ğ‘µğ’–ğ’†ğ’”ğ’•ğ’“ğ’ğ’”-ğ’‘ğ’†ğ’“ğ’”ğ’ğ’ğ’‚ğ’‹ğ’†ğ’”,texto,STAFF,101,False,0.0
1366276012555370556,110,cochinadas-de-admins,texto,STAFF,7,False,0.0
1377374241615380552,111,mensajes-eliminados,texto,STAFF,0,False,0.0
1206991877090443316,112,anuncios-discord,texto,âš™|ğ—¦ğ—¼ğ—½ğ—¼ğ—¿ğ˜ğ—²,0,False,0.0
1372722762342469674,113,ticket-jess-owner,texto,âš™|ğ—¦ğ—¼ğ—½ğ—¼ğ—¿ğ˜ğ—²,23,False,0.0
1319509303316713472,114,la-ficha-de-kent,texto,âš™|ğ—¦ğ—¼ğ—½ğ—¼ğ—¿ğ˜ğ—²,578,False,0.0
1319511605947662356,115,ticket-kai,texto,âš™|ğ—¦ğ—¼ğ—½ğ—¼ğ—¿ğ˜ğ—²,150,False,0.0
1319515274117906513,116,ticket-yael,texto,âš™|ğ—¦ğ—¼ğ—½ğ—¼ğ—¿ğ˜ğ—²,145,False,0.0
1319514196089634826,117,ticket-santana,texto,âš™|ğ—¦ğ—¼ğ—½ğ—¼ğ—¿ğ˜ğ—²,130,False,0.0
1319549879835562005,118,ticket-mascrik,texto,âš™|ğ—¦ğ—¼ğ—½ğ—¼ğ—¿ğ˜ğ—²,42,False,0.0
1319601517728239669,119,ticket-hutao,texto,âš™|ğ—¦ğ—¼ğ—½ğ—¼ğ—¿ğ˜ğ—²,66,False,0.0
1319739252715556925,120,ticket-ronin,texto,âš™|ğ—¦ğ—¼ğ—½ğ—¼ğ—¿ğ˜ğ—²,219,False,0.0
1319773673682374808,121,ticket-akaza,texto,âš™|ğ—¦ğ—¼ğ—½ğ—¼ğ—¿ğ˜ğ—²,466,False,0.0
1323854953978138665,122,ticket-cz-delta,texto,âš™|ğ—¦ğ—¼ğ—½ğ—¼ğ—¿ğ˜ğ—²,799,False,0.0
1324090531810381915,123,ticket-mayo,texto,âš™|ğ—¦ğ—¼ğ—½ğ—¼ğ—¿ğ˜ğ—²,145,False,0.0
1328605744349843476,124,ticket2-de-mayo,texto,âš™|ğ—¦ğ—¼ğ—½ğ—¼ğ—¿ğ˜ğ—²,742,False,0.0
1329583270945493042,125,ticket-esekiel,texto,âš™|ğ—¦ğ—¼ğ—½ğ—¼ğ—¿ğ˜ğ—²,957,False,0.0
1334696601641553950,126,ticket-cosmo,texto,âš™|ğ—¦ğ—¼ğ—½ğ—¼ğ—¿ğ˜ğ—²,920,False,0.0
1347814878936567892,127,ticket-0030,texto,âš™|ğ—¦ğ—¼ğ—½ğ—¼ğ—¿ğ˜ğ—²,7,False,0.0
1361448717797949630,128,ticket-daslight,texto,âš™|ğ—¦ğ—¼ğ—½ğ—¼ğ—¿ğ˜ğ—²,302,False,0.0
1366834180650172416,129,ticket-twinzen,texto,âš™|ğ—¦ğ—¼ğ—½ğ—¼ğ—¿ğ˜ğ—²,827,False,0.0
1367555875841118388,130,ticket-twinzen-2,texto,âš™|ğ—¦ğ—¼ğ—½ğ—¼ğ—¿ğ˜ğ—²,191,False,0.0
1378933635205566555,131,ticket-noe,texto,âš™|ğ—¦ğ—¼ğ—½ğ—¼ğ—¿ğ˜ğ—²,25,False,0.0
1378943285061619836,132,arte-original-owner-unity,texto,STAFF,6,False,0.0
1317607294393122907,133,ğŸ“œğ‘­ğ’Šğ’„ğ’‰ğ’‚ğ’”-ğ‘·ğ‘±,foro,InformaciÃ³n Rol Unity,0,False,0.0
1319477821143384154,134,ğŸ§™ğŸ§ğ‘¹ğ’‚ğ’›ğ’‚ğ’”-ğ’š-ğ‘ªğ’ğ’‚ğ’”ğ’†ğ’”,foro,InformaciÃ³n Rol Unity,0,False,0.0
1355252235428298752,135,mazmorra,foro,ğŸŒ ï¼­á‘Œï¼®á—ªï¼¯ ï¼µá‘ï¼©ä¸…ï¼¹,0,False,0.0
1209719969579925504,136,ğ™‹ğ™šğ™§ğ™¢ğ™–ğ™›ğ™§ğ™¤ğ™¨ğ™©ğŸ—»ğŸ—»â›°ğŸ”ğŸŒ¨â„â„,foro,â›°ğŸŒ¨ğŸ§ŠğŸ§Š Î¡Ğ„Ğ¯ÑªÎ‘Æ‘Ğ¯ÑºĞ…Í²,0,False,0.0
1346930152264831119,137,ğğ€ğğˆğ‹ğğğˆğ€,foro,ğ•€ğ•„â„™ğ”¼â„ğ•€ğ•† ğ•Šğ”¸â„ğ”¼ğ•ƒ  ğŸœ,0,False,0.0
1209715149578178661,138,ğ˜¾ğ™–ğ™¥ğ™ğ™©ğ™–ğ™¡-ğ™ğ™ªğ™¢ğ™–ğ™£ğ™–-ğ˜¼ğ™¡ğ™ğ™–ğ™£ğ™¯ğ™–,foro,ğ™ğ™šğ™§ğ™§ğ™ğ™©ğ™¤ğ™§ğ™ğ™¤ ğ™ƒğ™ªğ™¢ğ™–ğ™£ğ™¤ ğŸ™ğŸ™,0,False,0.0
1326374690100351016,139,residencias-ciudad,foro,ğ™ğ™šğ™§ğ™§ğ™ğ™©ğ™¤ğ™§ğ™ğ™¤ ğ™ƒğ™ªğ™¢ğ™–ğ™£ğ™¤ ğŸ™ğŸ™,0,False,0.0
1213940383957123093,140,ğ˜¿ğ™§ğ™ªğ™ğ™¡ğ™–ğ™£ğ™™,foro,ğ™ğ™šğ™§ğ™§ğ™ğ™©ğ™¤ğ™§ğ™ğ™¤ ğ˜¿ğ™§ğ™ªğ™ğ™™ğ™– ğŸƒğŸƒ,0,False,0.0
1326374857767784510,141,residencias-druidas,foro,ğ™ğ™šğ™§ğ™§ğ™ğ™©ğ™¤ğ™§ğ™ğ™¤ ğ˜¿ğ™§ğ™ªğ™ğ™™ğ™– ğŸƒğŸƒ,0,False,0.0
1346250500772729044,142,ğ‘ºğ’Šğ’ğ’†ğ’ğ’•-ğ‘³ğ’‚ğ’ğ’…,foro,ğ™ğ™šğ™§ğ™§ğ™ğ™©ğ™¤ğ™§ğ™ğ™¤ ğ˜¿ğ™§ğ™ªğ™ğ™™ğ™– ğŸƒğŸƒ,0,False,0.0
1273813383182811228,143,ğ™ğ™šğ™¢ğ™¥ğ™¡ğ™¤-ğ™‹ğ™§ğ™¤ğ™©ğ™šğ™˜ğ™©-ğŸ›,foro,ğ™ğ™šğ™§ğ™§ğ™ğ™©ğ™¤ğ™§ğ™ğ™¤ ğ˜½ğ™šğ™£ğ™™ğ™ğ™©ğ™¤ğ™¨ ğŸ§™ğŸ¼â™€,0,False,0.0
1326375006917365803,144,residencias-benditas,foro,ğ™ğ™šğ™§ğ™§ğ™ğ™©ğ™¤ğ™§ğ™ğ™¤ ğ˜½ğ™šğ™£ğ™™ğ™ğ™©ğ™¤ğ™¨ ğŸ§™ğŸ¼â™€,0,False,0.0
1273810946024013908,145,ğ˜¾ğ™ğ™ªğ™™ğ™–ğ™™-ğ˜¼ğ™§ğ™¢ğ™¤ğ™£ğ™ğ™–-ğŸ¯,foro,ğ™ğ™šğ™§ğ™§ğ™ğ™©ğ™¤ğ™§ğ™ğ™¤ ğ™€ğ™¡ğ™›ğ™¤ ğŸ§ğŸ§,0,False,0.0
1326374916253024336,146,residencias-elfos,foro,ğ™ğ™šğ™§ğ™§ğ™ğ™©ğ™¤ğ™§ğ™ğ™¤ ğ™€ğ™¡ğ™›ğ™¤ ğŸ§ğŸ§,0,False,0.0
1215512099657228288,147,ğ˜¿ğ™–ğ™§ğ™ -ğ™ğ™¤ğ™¬ğ™£,foro,ğ™ğ™šğ™§ğ™§ğ™ğ™©ğ™¤ğ™§ğ™ğ™¤ ğ™ˆğ™–ğ™¡ğ™™ğ™ğ™©ğ™¤ğ™¨ ğŸ©¸ğŸ©¸,0,False,0.0
1326375101368897598,148,residencias-malditos,foro,ğ™ğ™šğ™§ğ™§ğ™ğ™©ğ™¤ğ™§ğ™ğ™¤ ğ™ˆğ™–ğ™¡ğ™™ğ™ğ™©ğ™¤ğ™¨ ğŸ©¸ğŸ©¸,0,False,0.0
1334599975849426945,149,ğ‘¨ğ’“ğ’‚ğ’”ğ’ğ’‚ğ’›,foro,ğ‘«ğ’–ğ’ğ’‚ğ’“ğ’Šğ’”- ğ’ğ’ğ’ğ’‚ ğ‘«ğ’†ğ’”ğ’•ğ’†ğ’“ğ’“ğ’‚ğ’…ğ’ğ’”,0,False,0.0
1346665778543333426,150,residencia-dunaris,foro,ğ‘«ğ’–ğ’ğ’‚ğ’“ğ’Šğ’”- ğ’ğ’ğ’ğ’‚ ğ‘«ğ’†ğ’”ğ’•ğ’†ğ’“ğ’“ğ’‚ğ’…ğ’ğ’”,0,False,0.0
1370998024360165457,151,Hilo: ğ•²ğ–šğ–†ğ–—ğ–ğ–‰ğ–† ğ•¸ğ–Šğ–—ğ–ˆğ–Šğ–“ğ–†ğ–—ğ–ğ–† - ğ•­ğ–†ğ–—ğ–—ğ–ğ–”ğ–˜ ğ•­ğ–†ğ–ğ–”ğ–˜ ğ•³ğ–šğ–’ğ–†ğ–“ğ–”ğ–˜,hilo,Hilo en ğ—•ğ—”ğ—¥ğ—¥ğ—œğ—¢ğ—¦-ğ—•ğ—”ğ—ğ—¢ğ—¦,10,False,0.0
1373464748544364584,152,Hilo: Casa pobre con sÃ³tano de Esmigol,hilo,Hilo en ğ—•ğ—”ğ—¥ğ—¥ğ—œğ—¢ğ—¦-ğ—•ğ—”ğ—ğ—¢ğ—¦,1,False,0.0
1368674356334559354,153,Hilo: Laboratorio Subterraneo,hilo,Hilo en ğ™ğ™ªğ™ğ™£ğ™–ğ™¨-ğ™ğ™¤ğ™˜ğ™¤ğ™¨ğ™–ğ™¨ğŸŒ„ğŸŒ„,26,False,0.0
1370526064945790986,154,Hilo: Tuneles de LARS.,hilo,Hilo en ğ™ğ™ªğ™ğ™£ğ™–ğ™¨-ğ™ğ™¤ğ™˜ğ™¤ğ™¨ğ™–ğ™¨ğŸŒ„ğŸŒ„,2,False,0.0
1370938341318459402,155,Hilo: Bunker Delta,hilo,Hilo en ğ™ğ™ªğ™ğ™£ğ™–ğ™¨-ğ™ğ™¤ğ™˜ğ™¤ğ™¨ğ™–ğ™¨ğŸŒ„ğŸŒ„,2,False,0.0
1376223224001728573,156,"Hilo: Bunker T-09 ""Atena""",hilo,Hilo en ğ™ğ™ªğ™ğ™£ğ™–ğ™¨-ğ™ğ™¤ğ™˜ğ™¤ğ™¨ğ™–ğ™¨ğŸŒ„ğŸŒ„,11,False,0.0
1376737027457941568,157,Hilo: Campamento de exploracion,hilo,Hilo en ğ™ğ™ªğ™ğ™£ğ™–ğ™¨-ğ™ğ™¤ğ™˜ğ™¤ğ™¨ğ™–ğ™¨ğŸŒ„ğŸŒ„,7,False,0.0
1329325896317796425,158,Hilo: HabitaciÃ³n de Sasha,hilo,Hilo en casa-yagami,166,False,0.0
1338335501714985073,159,Hilo: JardÃ­n Yagami,hilo,Hilo en casa-yagami,187,False,0.0
1339797094168526858,160,Hilo: HabitaciÃ³n de gabimaru,hilo,Hilo en casa-yagami,12,False,0.0
1343418441490632764,161,Hilo: Habitacion Raven,hilo,Hilo en casa-yagami,4,False,0.0
1368836186000330782,162,Hilo: HabitaciÃ³n de invitados,hilo,Hilo en casa-yagami,2,False,0.0
1345934420657573888,163,Hilo: Sendero,hilo,Hilo en ğ˜½ğ™¤ğ™¨ğ™¦ğ™ªğ™š-ğ™ğ™–ğ™£ğ™©ğ™–ğ™¨ğ™ğ™–-ğ™ğ™šğ™˜ğ™©ğ™¤ğ™§-ğ˜¼ğŸŒ³ğŸŒ²,14,False,0.0
1371543361911001198,164,Hilo: Blody Mary-camino a Babilonia,hilo,Hilo en ğ™‹ğ™ªğ™šğ™§ğ™©ğ™¤-ğ™ƒğ™ªğ™¢ğ™–ğ™£ğ™¤â›µğŸš¢âš“,47,False,0.0
1320131739137474611,165,Hilo: ğ‘»ğ’†ğ’ğ’‘ğ’ğ’ ğ‘­ğ’‚ğ’š,hilo,Hilo en ğ˜¾ğ™ğ™ªğ™™ğ™–ğ™™-ğ˜¼ğ™§ğ™¢ğ™¤ğ™£ğ™ğ™–-ğŸ¯,151,False,0.0
1320132223416012880,166,Hilo: ğ‘¹ğ’†ğ’”ğ’Šğ’…ğ’†ğ’ğ’„ğ’Šğ’‚ğ’”,hilo,Hilo en ğ˜¾ğ™ğ™ªğ™™ğ™–ğ™™-ğ˜¼ğ™§ğ™¢ğ™¤ğ™£ğ™ğ™–-ğŸ¯,18,False,0.0
1320132915635556383,167,Hilo: ğ‘­ğ’–ğ’†ğ’“ğ’•ğ’† ğ’€ğ’‚ğ’ğ’‚ğ’•ğ’,hilo,Hilo en ğ˜¾ğ™ğ™ªğ™™ğ™–ğ™™-ğ˜¼ğ™§ğ™¢ğ™¤ğ™£ğ™ğ™–-ğŸ¯,155,False,0.0
1334951620613640214,168,Hilo: ğ˜¾ğ™šğ™£ğ™©ğ™§ğ™¤ ğ˜¾ğ™–ğ™¥ğ™ğ™©ğ™–ğ™¡,hilo,Hilo en ğ˜¾ğ™ğ™ªğ™™ğ™–ğ™™-ğ˜¼ğ™§ğ™¢ğ™¤ğ™£ğ™ğ™–-ğŸ¯,154,False,0.0
1334967971323445359,169,"Hilo: ""ğ‘¬ğ’ ğ‘©ğ’‚ğ’“""",hilo,Hilo en ğ˜¾ğ™ğ™ªğ™™ğ™–ğ™™-ğ˜¼ğ™§ğ™¢ğ™¤ğ™£ğ™ğ™–-ğŸ¯,29,False,0.0
1336734243438723133,170,Hilo: Bosque a las afuera de la Ciudad.,hilo,Hilo en ğ˜¾ğ™ğ™ªğ™™ğ™–ğ™™-ğ˜¼ğ™§ğ™¢ğ™¤ğ™£ğ™ğ™–-ğŸ¯,124,False,0.0
1338328847824846909,171,Hilo: Celdas Fuerte YAMATO,hilo,Hilo en ğ˜¾ğ™ğ™ªğ™™ğ™–ğ™™-ğ˜¼ğ™§ğ™¢ğ™¤ğ™£ğ™ğ™–-ğŸ¯,22,False,0.0
1366989117644210276,172,Hilo: Cementerio elfico,hilo,Hilo en ğ˜¾ğ™ğ™ªğ™™ğ™–ğ™™-ğ˜¼ğ™§ğ™¢ğ™¤ğ™£ğ™ğ™–-ğŸ¯,12,False,0.0
1369058489888014336,173,Hilo: Zona Comercial de la capital.,hilo,Hilo en ğ˜¾ğ™ğ™ªğ™™ğ™–ğ™™-ğ˜¼ğ™§ğ™¢ğ™¤ğ™£ğ™ğ™–-ğŸ¯,22,False,0.0
1372999632124252380,174,Hilo: Cielo elfico,hilo,Hilo en ğ˜¾ğ™ğ™ªğ™™ğ™–ğ™™-ğ˜¼ğ™§ğ™¢ğ™¤ğ™£ğ™ğ™–-ğŸ¯,4,False,0.0
1374588666554482789,175,Hilo: ğŸ‘¨ğŸŒ¾ Campo de Cultivo,hilo,Hilo en ğ™•ğ™¤ğ™£ğ™–ğ™¨-ğ˜¼ğ™œğ™§ğ™ğ™˜ğ™¤ğ™¡ğ™–ğ™¨-ğ™‚ğ™–ğ™£ğ™–ğ™™ğ™šğ™§ğ™–ğ™¨-ğ˜¿ğ™§ğ™ªğ™ğ™™ğ™–ğ™¨,0,False,0.0
1374588883114791042,176,Hilo: ğŸ– ğ™•ğ™¤ğ™£ğ™– ğ™™ğ™š ğ™‚ğ™–ğ™£ğ™–ğ™™ğ™¤,hilo,Hilo en ğ™•ğ™¤ğ™£ğ™–ğ™¨-ğ˜¼ğ™œğ™§ğ™ğ™˜ğ™¤ğ™¡ğ™–ğ™¨-ğ™‚ğ™–ğ™£ğ™–ğ™™ğ™šğ™§ğ™–ğ™¨-ğ˜¿ğ™§ğ™ªğ™ğ™™ğ™–ğ™¨,0,False,0.0
1374589204708851813,177,Hilo: ğŸšœ ğ˜¼ğ™¡ğ™¢ğ™–ğ™˜Ã©ğ™£ ğ˜¾ğ™šğ™£ğ™©ğ™§ğ™–ğ™¡,hilo,Hilo en ğ™•ğ™¤ğ™£ğ™–ğ™¨-ğ˜¼ğ™œğ™§ğ™ğ™˜ğ™¤ğ™¡ğ™–ğ™¨-ğ™‚ğ™–ğ™£ğ™–ğ™™ğ™šğ™§ğ™–ğ™¨-ğ˜¿ğ™§ğ™ªğ™ğ™™ğ™–ğ™¨,1,False,0.0
1374590571116757039,178,Hilo: ğŸ ğ™ˆğ™šğ™§ğ™˜ğ™–ğ™™ğ™¤,hilo,Hilo en ğ™•ğ™¤ğ™£ğ™–ğ™¨-ğ˜¼ğ™œğ™§ğ™ğ™˜ğ™¤ğ™¡ğ™–ğ™¨-ğ™‚ğ™–ğ™£ğ™–ğ™™ğ™šğ™§ğ™–ğ™¨-ğ˜¿ğ™§ğ™ªğ™ğ™™ğ™–ğ™¨,0,False,0.0
1374592731028000879,179,Hilo: ğ˜¿ğ™¤ğ™¢ğ™ğ™˜ğ™ğ™¡ğ™ğ™¤ ğ™™ğ™šğ™¡ ğ™ğ™šğ™§ğ™§ğ™šğ™£ğ™¤,hilo,Hilo en ğ™•ğ™¤ğ™£ğ™–ğ™¨-ğ˜¼ğ™œğ™§ğ™ğ™˜ğ™¤ğ™¡ğ™–ğ™¨-ğ™‚ğ™–ğ™£ğ™–ğ™™ğ™šğ™§ğ™–ğ™¨-ğ˜¿ğ™§ğ™ªğ™ğ™™ğ™–ğ™¨,0,False,0.0
1346931790840856637,180,Hilo: â„™ğ”¸ğ•ƒğ”¸â„‚ğ•€ğ•† ğ”»ğ”¼ ğ”¾ğ•€ğ•ƒğ”¾ğ”¸ğ•„ğ”¼ğ•Šâ„,hilo,Hilo en ğğ€ğğˆğ‹ğğğˆğ€,7,False,0.0
1213940764514713661,181,Hilo: ğ˜¿ğ™§ğ™ªğ™ğ™¡ğ™–ğ™£ğ™™,hilo,Hilo en ğ˜¿ğ™§ğ™ªğ™ğ™¡ğ™–ğ™£ğ™™,118,False,0.0
1214788214263513148,182,Hilo: ğŒŠğŒ€â±¿êŠğŒŠğŒµ,hilo,Hilo en ğ˜¿ğ™§ğ™ªğ™ğ™¡ğ™–ğ™£ğ™™,136,False,0.0
1336548378078875710,183,Hilo: Hospital de Druiland,hilo,Hilo en ğ˜¿ğ™§ğ™ªğ™ğ™¡ğ™–ğ™£ğ™™,72,False,0.0
1365766487524245614,184,Hilo: ğ“‘ğ“ªğ“» ğ“›ğ“ª ğ“¡ğ“ªÃ­ğ”ƒ ğ“­ğ“® ğ“¥ğ“²ğ“­,hilo,Hilo en ğ˜¿ğ™§ğ™ªğ™ğ™¡ğ™–ğ™£ğ™™,19,False,0.0
1378660230707154965,185,Hilo: åŒšå‚ã„’å‚åŒšã„©çˆªä¹ƒå‚ä¸‚ á—ªå°ºã„©ä¸¨á—ªå‚ä¸‚,hilo,Hilo en ğ˜¿ğ™§ğ™ªğ™ğ™¡ğ™–ğ™£ğ™™,2,False,0.0
1333249146483638293,186,Hilo: ğ‘®ğ’Šğ’ğ’ˆğ’‚ğ’ğ’†ğ’”ğ’‰,hilo,Hilo en ğŸ“œğ‘­ğ’Šğ’„ğ’‰ğ’‚ğ’”-ğ‘·ğ‘±,3,False,0.0
1336424953574330511,187,Hilo: ğ‘²ğ’Šğ’”ğ’‚ğ’“ğ’‚ ğ‘³ğ’†ğ’„ğ’ğ’‚ğ’Šğ’“,hilo,Hilo en ğŸ“œğ‘­ğ’Šğ’„ğ’‰ğ’‚ğ’”-ğ‘·ğ‘±,7,False,0.0
1357235745974390794,188,Hilo: Fin Mercer,hilo,Hilo en ğŸ“œğ‘­ğ’Šğ’„ğ’‰ğ’‚ğ’”-ğ‘·ğ‘±,4,False,0.0
1368308267192684574,189,Hilo: â„¤ğ•’ğ•ğ•šğ•£ ğ•‹ğ•’ğ•ğ•’ğ•œğ•–ğ•¥ğ•¥,hilo,Hilo en ğŸ“œğ‘­ğ’Šğ’„ğ’‰ğ’‚ğ’”-ğ‘·ğ‘±,5,False,0.0
1368312490106290290,190,Hilo: ğ•·ğ–†ğ–—ğ–˜ ğ•¶ğ–—ğ–Šğ–’ğ–˜ğ–‘ğ–ğ–“ğ–Œğ–Šğ–—,hilo,Hilo en ğŸ“œğ‘­ğ’Šğ’„ğ’‰ğ’‚ğ’”-ğ‘·ğ‘±,6,False,0.0
1368718491003256852,191,Hilo: YURANI FREKMAN,hilo,Hilo en ğŸ“œğ‘­ğ’Šğ’„ğ’‰ğ’‚ğ’”-ğ‘·ğ‘±,6,False,0.0
1369002753799622758,192,Hilo: Garret Frekman,hilo,Hilo en ğŸ“œğ‘­ğ’Šğ’„ğ’‰ğ’‚ğ’”-ğ‘·ğ‘±,7,False,0.0
1373800730334461962,193,Hilo: DANTE â€œEL MACHETEâ€ VARCONETTI,hilo,Hilo en ğŸ“œğ‘­ğ’Šğ’„ğ’‰ğ’‚ğ’”-ğ‘·ğ‘±,3,False,0.0
1373801465377849344,194,Hilo: REGINLEIF VARCONETTI,hilo,Hilo en ğŸ“œğ‘­ğ’Šğ’„ğ’‰ğ’‚ğ’”-ğ‘·ğ‘±,3,False,0.0
1373802137586368663,195,Hilo: ANDARIEL VARCONETTI,hilo,Hilo en ğŸ“œğ‘­ğ’Šğ’„ğ’‰ğ’‚ğ’”-ğ‘·ğ‘±,3,False,0.0
1373802637727760414,196,Hilo: DURIEL VARCONETTI,hilo,Hilo en ğŸ“œğ‘­ğ’Šğ’„ğ’‰ğ’‚ğ’”-ğ‘·ğ‘±,3,False,0.0
1373802895874461786,197,Hilo: KAILEENA VARCONETTI,hilo,Hilo en ğŸ“œğ‘­ğ’Šğ’„ğ’‰ğ’‚ğ’”-ğ‘·ğ‘±,3,False,0.0
1373931327971131402,198,Hilo: ğ‘¹ğ’ğ’”ğ’‚ğ’†ğ’Šğ’‚ ğ‘½ğ’†ğ’ğ’Œğ’‚ğ’“ğ’–ğ’–ğ’,hilo,Hilo en ğŸ“œğ‘­ğ’Šğ’„ğ’‰ğ’‚ğ’”-ğ‘·ğ‘±,7,False,0.0
1366196401142370445,199,Hilo: Criaturas Bosque Oscuro.,hilo,Hilo en ğŸ¦„ğ‘´ğ’ğ’ğ’”ğ’•ğ’“ğ’–ğ’ğ’”-ğ’š-ğ‘ªğ’“ğ’Šğ’‚ğ’•ğ’–ğ’“ğ’‚ğ’”,13,False,0.0
1366463981442695216,200,Hilo: NPCs Benditos,hilo,Hilo en ğŸ¦„ğ‘´ğ’ğ’ğ’”ğ’•ğ’“ğ’–ğ’ğ’”-ğ’š-ğ‘ªğ’“ğ’Šğ’‚ğ’•ğ’–ğ’“ğ’‚ğ’”,6,False,0.0
1367287992829345885,201,Hilo: NPCs Druidas,hilo,Hilo en ğŸ¦„ğ‘´ğ’ğ’ğ’”ğ’•ğ’“ğ’–ğ’ğ’”-ğ’š-ğ‘ªğ’“ğ’Šğ’‚ğ’•ğ’–ğ’“ğ’‚ğ’”,4,False,0.0
1369184111670857789,202,Hilo: Criaturas Bosque Fantasia,hilo,Hilo en ğŸ¦„ğ‘´ğ’ğ’ğ’”ğ’•ğ’“ğ’–ğ’ğ’”-ğ’š-ğ‘ªğ’“ğ’Šğ’‚ğ’•ğ’–ğ’“ğ’‚ğ’”,3,False,0.0
1369411416502702260,203,Hilo: Criaturas Ruinas Rocosas,hilo,Hilo en ğŸ¦„ğ‘´ğ’ğ’ğ’”ğ’•ğ’“ğ’–ğ’ğ’”-ğ’š-ğ‘ªğ’“ğ’Šğ’‚ğ’•ğ’–ğ’“ğ’‚ğ’”,1,False,0.0
1370215796025983006,204,Hilo: Aberraciones â˜£,hilo,Hilo en ğŸ¦„ğ‘´ğ’ğ’ğ’”ğ’•ğ’“ğ’–ğ’ğ’”-ğ’š-ğ‘ªğ’“ğ’Šğ’‚ğ’•ğ’–ğ’“ğ’‚ğ’”,13,False,0.0
1370658885429497896,205,Hilo: Necromante,hilo,Hilo en ğŸ¦„ğ‘´ğ’ğ’ğ’”ğ’•ğ’“ğ’–ğ’ğ’”-ğ’š-ğ‘ªğ’“ğ’Šğ’‚ğ’•ğ’–ğ’“ğ’‚ğ’”,2,False,0.0
1374026560314806312,206,Hilo: Campeones,hilo,Hilo en ğŸ¦„ğ‘´ğ’ğ’ğ’”ğ’•ğ’“ğ’–ğ’ğ’”-ğ’š-ğ‘ªğ’“ğ’Šğ’‚ğ’•ğ’–ğ’“ğ’‚ğ’”,2,False,0.0
1376600548093989046,207,Hilo: Sectarios,hilo,Hilo en ğŸ¦„ğ‘´ğ’ğ’ğ’”ğ’•ğ’“ğ’–ğ’ğ’”-ğ’š-ğ‘ªğ’“ğ’Šğ’‚ğ’•ğ’–ğ’“ğ’‚ğ’”,0,False,0.0
1377864366095077507,208,Hilo: Milicia humana,hilo,Hilo en ğŸ¦„ğ‘´ğ’ğ’ğ’”ğ’•ğ’“ğ’–ğ’ğ’”-ğ’š-ğ‘ªğ’“ğ’Šğ’‚ğ’•ğ’–ğ’“ğ’‚ğ’”,6,False,0.0
1215513114506829854,209,Hilo: ğ—”ğ—¦ğ—˜ğ——ğ—œğ—¢ ğ——ğ—˜ğ—Ÿ ğ—¥ğ—˜ğ—¬ ğ—–ğ—”ğ— ğ—£ğ—˜ğ—¢ğ—¡,hilo,Hilo en ğ˜¿ğ™–ğ™§ğ™ -ğ™ğ™¤ğ™¬ğ™£,251,False,0.0
1215513823608442920,210,Hilo: ğ— ğ—˜ğ—¥ğ—–ğ—”ğ——ğ—¢ ğ— ğ—”ğ—Ÿğ—” ğ— ğ—¨ğ—˜ğ—¥ğ—§ğ—˜,hilo,Hilo en ğ˜¿ğ™–ğ™§ğ™ -ğ™ğ™¤ğ™¬ğ™£,19,False,0.0
1378377511985090632,211,Hilo: TÃºnel conexiÃ³n a tÃºnel frontera druida de Lars,hilo,Hilo en ğ™ˆğ™ğ™£ğ™–ğ™¨-ğ™ƒğ™ªğ™¢ğ™–ğ™£ğ™–ğ™¨â›â›°,1,False,0.0
1343422441019674634,212,Hilo: Bar - La Rosa Negra,hilo,Hilo en ğ—”ğ˜€ğ—²ğ—»ğ˜ğ—®ğ—ºğ—¶ğ—²ğ—»ğ˜ğ—¼-ğ—•ğ—¹ğ—¼ğ—¼ğ—±,17,False,0.0
1378151267322564608,213,Hilo: Cuarto segundo piso - Bar La rosa negra,hilo,Hilo en ğ—”ğ˜€ğ—²ğ—»ğ˜ğ—®ğ—ºğ—¶ğ—²ğ—»ğ˜ğ—¼-ğ—•ğ—¹ğ—¼ğ—¼ğ—±,3,False,0.0
1334605300665286776,214,Hilo: ğ‘©ğ’‚ğ’“ğ’“ğ’‚ğ’„ğ’‚ğ’” ğ‘«ğ’–ğ’'ğ‘­ğ’†ğ’…ğ’‚ğ’š,hilo,Hilo en ğ‘¨ğ’“ğ’‚ğ’”ğ’ğ’‚ğ’›,81,False,0.0
1377405410704752700,215,Hilo: Guarida en las Arenas Elficas,hilo,Hilo en ğ˜¼ğ™£ğ™©ğ™ğ™œğ™ªğ™¤-ğ˜¾ğ™¤ğ™£ğ™¨ğ™šğ™Ÿğ™¤-ğŸ®,7,False,0.0
1373082444953288764,216,Hilo: OcÃ©ano elfico,hilo,Hilo en ğ™‹ğ™ªğ™šğ™§ğ™©ğ™¤-ğ™€ğ™¡ğ™›ğ™ğ™˜ğ™¤-âš“,5,False,0.0
1376235095442194632,217,"Hilo: Navio de la Realeza Druida, Camino al Territorio Druida.",hilo,Hilo en ğ™‹ğ™ªğ™šğ™§ğ™©ğ™¤-ğ™€ğ™¡ğ™›ğ™ğ™˜ğ™¤-âš“,7,False,0.0
1367788696538972273,218,Hilo: Parca,hilo,Hilo en almacen-musical,4,False,0.0
1369730870730293418,219,Hilo: Feanor Skystriker,hilo,Hilo en almacen-musical,2,False,0.0
1368051158685585408,220,Hilo: Barco rumbo al territorio Elfico.,hilo,Hilo en ğ™‹ğ™ªğ™šğ™§ğ™©ğ™¤-ğ˜¿ğ™§ğ™ªğ™ğ™™ğ™–â›µğŸš¢âš“,8,False,0.0
1371035689394765897,221,Hilo: Hospital Portuario,hilo,Hilo en ğ™‹ğ™ªğ™šğ™§ğ™©ğ™¤-ğ˜¿ğ™§ğ™ªğ™ğ™™ğ™–â›µğŸš¢âš“,1,False,0.0
1375183781690081452,222,"Hilo: ğŸŒ¾ ""Campo de Cultivo""",hilo,Hilo en ğ˜¼ğ™¡ğ™™ğ™šğ™–-ğ™ˆğ™–ğ™¡ğ™™ğ™ğ™©ğ™–-ğ˜¿ğ™šğ™¨ğ™©ğ™§ğ™ªğ™ğ™™ğ™–,0,False,0.0
1209716272502149170,223,Hilo: PLAZA DE LA CAPITAL,hilo,Hilo en ğ˜¾ğ™–ğ™¥ğ™ğ™©ğ™–ğ™¡-ğ™ğ™ªğ™¢ğ™–ğ™£ğ™–-ğ˜¼ğ™¡ğ™ğ™–ğ™£ğ™¯ğ™–,138,False,0.0
1215518932664848385,224,Hilo: ğ—•ğ—”ğ—¥ğ—¥ğ—œğ—¢ğ—¦ ğ—•ğ—”ğ—ğ—¢ğ—¦,hilo,Hilo en ğ˜¾ğ™–ğ™¥ğ™ğ™©ğ™–ğ™¡-ğ™ğ™ªğ™¢ğ™–ğ™£ğ™–-ğ˜¼ğ™¡ğ™ğ™–ğ™£ğ™¯ğ™–,89,False,0.0
1324977384134541465,225,Hilo: Universidad de Ingenieros,hilo,Hilo en ğ˜¾ğ™–ğ™¥ğ™ğ™©ğ™–ğ™¡-ğ™ğ™ªğ™¢ğ™–ğ™£ğ™–-ğ˜¼ğ™¡ğ™ğ™–ğ™£ğ™¯ğ™–,121,False,0.0
1326064252246560881,226,Hilo: MansiÃ³n de Oda,hilo,Hilo en ğ˜¾ğ™–ğ™¥ğ™ğ™©ğ™–ğ™¡-ğ™ğ™ªğ™¢ğ™–ğ™£ğ™–-ğ˜¼ğ™¡ğ™ğ™–ğ™£ğ™¯ğ™–,140,False,0.0
1333221272846598344,227,Hilo: Hospital Humano,hilo,Hilo en ğ˜¾ğ™–ğ™¥ğ™ğ™©ğ™–ğ™¡-ğ™ğ™ªğ™¢ğ™–ğ™£ğ™–-ğ˜¼ğ™¡ğ™ğ™–ğ™£ğ™¯ğ™–,53,False,0.0
1373518625314574427,228,Hilo: Universidad de ingenieros (Sector 0D),hilo,Hilo en ğ˜¾ğ™–ğ™¥ğ™ğ™©ğ™–ğ™¡-ğ™ğ™ªğ™¢ğ™–ğ™£ğ™–-ğ˜¼ğ™¡ğ™ğ™–ğ™£ğ™¯ğ™–,9,False,0.0
1375246492675211356,229,Hilo: Barco camino al territorio Elfico,hilo,Hilo en ğ—£ğ—¨ğ—˜ğ—¥ğ—§ğ—¢-ğ— ğ—”ğ—Ÿğ——ğ—œğ—§ğ—¢ğ—¦,47,False,0.0
1212602319221428234,230,Hilo: ZONA NEVADA â˜ƒâ˜ƒâ„â„,hilo,Hilo en ğ™‹ğ™šğ™§ğ™¢ğ™–ğ™›ğ™§ğ™¤ğ™¨ğ™©ğŸ—»ğŸ—»â›°ğŸ”ğŸŒ¨â„â„,38,False,0.0
1342121073097052212,231,Hilo: Casa de Miyabi,hilo,Hilo en residencias-druidas,59,False,0.0
1357133621445660806,232,Hilo: Casa de Junho,hilo,Hilo en residencias-druidas,64,False,0.0
1373092340134055987,233,Hilo: Finca de familia Talaquett,hilo,Hilo en residencias-druidas,4,False,0.0
1373093915728805999,234,Hilo: Casa en un Arbol. Â¿Abandonada?.,hilo,Hilo en residencias-druidas,1,False,0.0
1377077441398308964,235,Hilo: Hospedaje DiplomÃ¡tico,hilo,Hilo en residencias-druidas,8,False,0.0
1345832831850643456,236,Hilo: Bosque de entrenamiento de Kojiro,hilo,Hilo en ğ‘©ğ’ğ’”ğ’’ğ’–ğ’†-ğ‘³ğ’‚-ğ‘ªğ’ğ’ğ’‚ğ’“ğ’„ğ’‚,35,False,0.0
1355054736776237106,237,Hilo: Bosque profundo,hilo,Hilo en ğ‘©ğ’ğ’”ğ’’ğ’–ğ’†-ğ‘³ğ’‚-ğ‘ªğ’ğ’ğ’‚ğ’“ğ’„ğ’‚,32,False,0.0
1362937351378043051,238,Hilo: Campamento Oculto Bendito en Cueva,hilo,Hilo en ğ‘©ğ’ğ’”ğ’’ğ’–ğ’†-ğ‘³ğ’‚-ğ‘ªğ’ğ’ğ’‚ğ’“ğ’„ğ’‚,17,False,0.0
1368048601858707516,239,Hilo: PequeÃ±o claro con un Rio.,hilo,Hilo en ğ‘©ğ’ğ’”ğ’’ğ’–ğ’†-ğ‘³ğ’‚-ğ‘ªğ’ğ’ğ’‚ğ’“ğ’„ğ’‚,13,False,0.0
1372673536430444626,240,Hilo: Bosque apartado,hilo,Hilo en ğ‘©ğ’ğ’”ğ’’ğ’–ğ’†-ğ‘³ğ’‚-ğ‘ªğ’ğ’ğ’‚ğ’“ğ’„ğ’‚,18,False,0.0
1374215495619838023,241,Hilo: Zona de caza A,hilo,Hilo en ğ‘©ğ’ğ’”ğ’’ğ’–ğ’†-ğ‘³ğ’‚-ğ‘ªğ’ğ’ğ’‚ğ’“ğ’„ğ’‚,40,False,0.0
1378917627010744360,242,Hilo: catacumbas subterrÃ¡neas ocultas,hilo,Hilo en ğ‘©ğ’ğ’”ğ’’ğ’–ğ’†-ğ‘³ğ’‚-ğ‘ªğ’ğ’ğ’‚ğ’“ğ’„ğ’‚,3,False,0.0
1349246265174659083,243,Hilo: Sala de reuniones,hilo,Hilo en ğ˜½ğ™–ğ™¨ğ™š-ğ™‡ğ™šğ™¤ğ™£-ğŸ¦,5,False,0.0
1366672742786531368,244,Hilo: Laboratorio,hilo,Hilo en ğ˜½ğ™–ğ™¨ğ™š-ğ™‡ğ™šğ™¤ğ™£-ğŸ¦,6,False,0.0
1348826901245853819,245,Hilo: Residencia Azuma,hilo,Hilo en residencias-ciudad,162,False,0.0
1351318268584923136,246,Hilo: Casa a las afuera de la comarca De Morigan,hilo,Hilo en residencias-ciudad,204,False,0.0
1364678249648492757,247,Hilo: HabitaciÃ³n de Kamir,hilo,Hilo en residencias-ciudad,9,False,0.0
1371666971514634333,248,Hilo: OFICINA 117 EN LA UNIVERSIDAD DE LOS INGENIEROS,hilo,Hilo en residencias-ciudad,19,False,0.0
1373457277142700052,249,Hilo: Laboratorio Yurany,hilo,Hilo en residencias-ciudad,9,False,0.0
1346253958615662612,250,Hilo: ğ‘ªğ’‚ğ’ğ’ğ’†ğ’” ğ‘ºğ’–ğ’ƒğ’•ğ’†ğ’“ğ’“ğ’‚ğ’ğ’†ğ’‚ğ’”,hilo,Hilo en ğ‘ºğ’Šğ’ğ’†ğ’ğ’•-ğ‘³ğ’‚ğ’ğ’…,2,False,0.0
1346255254345351238,251,Hilo: ğ‘©ğ’–ğ’“ğ’…ğ’†ğ’ ğ‘µğ’‚ğ’•ğ’–ğ’“ğ’†,hilo,Hilo en ğ‘ºğ’Šğ’ğ’†ğ’ğ’•-ğ‘³ğ’‚ğ’ğ’…,26,False,0.0
1346255832077041784,252,Hilo: ğŸºğŸ·ğ‘©ğ’‚ğ’“ ğ‘´ğ’–ğ’“,hilo,Hilo en ğ‘ºğ’Šğ’ğ’†ğ’ğ’•-ğ‘³ğ’‚ğ’ğ’…,55,False,0.0
1377163153523347466,253,Hilo: Bar Mur azotea,hilo,Hilo en ğ‘ºğ’Šğ’ğ’†ğ’ğ’•-ğ‘³ğ’‚ğ’ğ’…,15,False,0.0
1342354583980347535,254,Hilo: Rio Bendito,hilo,Hilo en bosque-light,35,False,0.0
1344372794908999712,255,Hilo: Frontera Druida-Bendito,hilo,Hilo en bosque-light,25,False,0.0
1320139402080686181,256,Hilo: ğ‘»ğ’†ğ’ğ’‘ğ’ğ’ ğ‘·ğ’“ğ’Šğ’ğ’„ğ’Šğ’‘ğ’‚ğ’,hilo,Hilo en ğ™ğ™šğ™¢ğ™¥ğ™¡ğ™¤-ğ™‹ğ™§ğ™¤ğ™©ğ™šğ™˜ğ™©-ğŸ›,124,False,0.0
1371678517154287707,257,Hilo: ğ“Ÿğ“»ğ“²ğ“¼ğ“²ğ“¸ğ“·ğ“®ğ“¼ ğ“‘ğ“®ğ“·ğ“­ğ“²ğ“½ğ“ªğ“¼,hilo,Hilo en ğ™ğ™šğ™¢ğ™¥ğ™¡ğ™¤-ğ™‹ğ™§ğ™¤ğ™©ğ™šğ™˜ğ™©-ğŸ›,24,False,0.0
1371953968003027014,258,Hilo: Tuneles de Lars,hilo,Hilo en ğ˜¼ğ™§ğ™šğ™£ğ™–-ğ˜¼ğ™§ğ™˜ğ™–ğ™£ğ™–-ğŸœğŸœ,1,False,0.0
1375900978129273063,259,Hilo: TÃºnel subterrÃ¡neo que bordea la frontera norte Druida,hilo,Hilo en ğ˜¼ğ™§ğ™šğ™£ğ™–-ğ˜¼ğ™§ğ™˜ğ™–ğ™£ğ™–-ğŸœğŸœ,1,False,0.0
1345132719209971907,260,Hilo: Cuarto Oda y Hendricson,hilo,Hilo en almacen-de-hendricson,185,False,0.0
1355256063791726682,261,Hilo: Bandido Jeison,hilo,Hilo en mazmorra,21,False,0.0
1355269761465843722,262,Hilo: Blemmyes,hilo,Hilo en mazmorra,8,False,0.0
1369715723609571512,263,Hilo: Ranfrod y Jeek,hilo,Hilo en mazmorra,2,False,0.0
1369718600092618792,264,Hilo: Codigo 325-5O,hilo,Hilo en mazmorra,4,False,0.0
1370214267013304460,265,Hilo: Natasha Biuti-Liun,hilo,Hilo en mazmorra,1,False,0.0
1378255651721052190,266,Hilo: Grupo Caza Negro,hilo,Hilo en mazmorra,13,False,0.0
1335828053246345257,267,Hilo: Casa de FÃ«anor.,hilo,Hilo en residencias-elfos,108,False,0.0
1341152411003260968,268,Hilo: Departamento Raze,hilo,Hilo en residencias-elfos,137,False,0.0
1342629131359354952,269,Hilo: MansiÃ³n Skywalker,hilo,Hilo en residencias-elfos,88,False,0.0
1344745203587874816,270,Hilo: Hospedaje,hilo,Hilo en residencias-elfos,6,False,0.0
1349579067908689971,271,Hilo: Casa de gabimaru,hilo,Hilo en residencias-elfos,123,False,0.0
1369483869278961714,272,Hilo: Departamento de Finn,hilo,Hilo en residencias-elfos,40,False,0.0
1372329488951803944,273,Hilo: MansiÃ³n Varconetti,hilo,Hilo en residencias-elfos,1,False,0.0
1362957811763642408,274,Hilo: Campamento Bendito en una Cueva.,hilo,Hilo en ruinas-de-la-aldea-buena,112,False,0.0
1369173136167276584,275,Hilo: Laboratorio subterrÃ¡neo de yeon,hilo,Hilo en ruinas-de-la-aldea-buena,2,False,0.0
1370942703818506260,276,Hilo: Cavidad sellada con ramas de albahaca negra y savia rancia,hilo,Hilo en ğ“‘ğ“ªğ“»-ğ“›ğ“ª-ğ“¡ğ“ªÃ­ğ”ƒ-ğ“­ğ“®-ğ“¥ğ“²ğ“­,0,False,0.0
1374571856711127103,277,Hilo: Camino hasta puerto desde la capital.,hilo,Hilo en ğ‘·ğ’–ğ’†ğ’“ğ’•ğ’-ğ‘©ğ’†ğ’ğ’…ğ’Šğ’•ğ’,81,False,0.0
